SYMBOL,OPEN,HIGH,LOW,PREV. CLOSE,LTP,INDICATIVE CLOSE,CHANGE,% CHANGE,VOLUME (shares),VALUE (Crores),52W H,52W L,30 D %CHNG,365 D %CHNG
NIFTY SMALLCAP 500,"20,881.45","20,899.85","20,775.05","20,858.40","20,891.45",-,33.05,0.16,1159874996,"31,314.82","20,977.95","15,960.20",2.54,0.0
HINDCOPPER,535.00,574.90,534.10,529.05,569.95,-,40.9,7.73,29333771,"1,647.91",760.05,226.70,17.24,137.29
CUPID,294.51,295.35,235.11,293.88,270.90,-,-22.98,-7.82,59146915,"1,600.22",299.00,32.87,26.13,706.73
MANORAMA,"1,775.00","2,043.00","1,745.50","1,737.10","1,955.00",-,217.9,12.54,7248199,"1,371.37","2,043.00","1,060.60",22.84,42.04
PWL,114.65,128.37,114.00,117.12,117.99,-,0.87,0.74,103684614,"1,282.47",161.99,77.72,-13.27,0.0
VIKRAMSOLR,163.00,186.50,161.47,160.15,182.80,-,22.65,14.14,65091295,"1,169.30",407.95,155.38,-4.9,0.0
AZAD,"2,750.00","2,986.60","2,703.00","2,717.80","2,874.00",-,156.2,5.75,2721054,788.47,"2,986.60","1,360.00",23.36,85.32
NETWEB,"5,022.00","5,225.00","5,008.30","5,007.20","5,219.00",-,211.8,4.23,1438746,743.65,"5,269.00","2,037.30",22.96,145.6
RUBICON,"1,700.70","1,808.00","1,626.10","1,619.10","1,804.00",-,184.9,11.42,3473690,600.75,"1,808.00",570.75,25.31,0.0
ZEEL,102.44,107.20,101.01,102.28,105.00,-,2.72,2.66,56021626,585.48,124.14,68.00,-2.23,-9.68
PTCIL,"19,319.00","20,750.00","19,067.00","19,050.00","20,400.00",-,1350.0,7.09,284135,572.29,"20,750.00","13,251.00",13.71,48.57
PURVA,234.01,245.90,224.00,218.21,227.50,-,9.29,4.26,23015575,545.47,305.00,160.69,2.36,-20.63
MARKSANS,337.30,345.50,325.45,333.00,330.50,-,-2.5,-0.75,13018565,435.63,345.50,155.00,23.74,85.07
BELRISE,247.77,247.77,232.31,255.35,236.90,-,-18.45,-7.23,17255848,410.74,268.20,134.02,4.4,76.12
AMBER,"7,355.50","7,394.00","7,246.50","7,222.00","7,259.00",-,37.0,0.51,535613,391.59,"8,974.00","5,400.50",-6.99,5.28
TDPOWERSYS,"1,470.00","1,569.80","1,467.10","1,484.60","1,549.00",-,64.4,4.34,2464279,378.58,"1,569.80",493.00,37.36,204.59
ATHERENERG,"1,511.50","1,533.00","1,475.00","1,511.50","1,483.00",-,-28.5,-1.89,2475472,371.57,"1,580.00",407.70,15.66,256.11
FINCABLES,"1,252.10","1,327.75","1,252.10","1,246.85","1,318.00",-,71.15,5.71,2336079,304.90,"1,374.00",700.80,29.56,62.26
CHENNPETRO,"1,332.10","1,397.30","1,309.10","1,321.90","1,382.00",-,60.1,4.55,2149658,293.36,"1,449.00",620.85,15.11,118.2
SCHNEIDER,"1,219.00","1,255.00","1,185.00","1,369.20","1,232.20",-,-137.0,-10.01,2282209,277.32,"1,548.00",571.85,-3.62,41.47
INOXWIND,74.18,78.59,73.32,73.67,78.13,-,4.46,6.05,34043653,262.20,159.30,72.70,0.01,-42.98
IFCI,77.09,79.73,75.75,76.94,78.97,-,2.03,2.64,32161222,252.21,95.80,46.23,9.42,49.56
HSCL,784.50,789.90,776.45,781.05,784.00,-,2.95,0.38,3215825,251.70,819.50,418.50,5.72,68.01
BALUFORGE,502.70,531.40,502.70,493.75,512.70,-,18.95,3.84,4666822,242.90,697.00,341.05,14.2,-15.61
KAYNES,"3,679.10","3,730.00","3,630.10","3,660.20","3,651.00",-,-9.2,-0.25,641033,236.05,"7,705.00","2,995.00",7.83,-40.31
NEULANDLAB,"23,300.00","23,843.00","22,971.00","23,320.00","23,650.00",-,330.0,1.42,93991,221.93,"23,843.00","11,500.00",28.3,78.11
HFCL,223.90,225.95,217.85,223.11,219.00,-,-4.11,-1.84,9863534,218.53,230.95,59.82,2.73,208.06
CPPLUS,"3,351.10","3,424.40","3,343.10","3,519.00","3,343.10",-,-175.9,-5.0,640466,214.84,"4,094.00","1,046.65",-7.51,216.27
KFINTECH,945.20,981.05,925.70,940.00,973.00,-,33.0,3.51,2105146,202.75,"1,215.00",784.95,9.58,-13.81
ZAGGLE,182.40,185.00,160.48,200.59,160.48,-,-40.11,-20.0,12084279,197.43,417.60,160.48,-23.44,-56.3
SONACOMS,799.00,814.30,795.75,792.00,805.10,-,13.1,1.65,2346950,189.52,836.90,402.30,14.22,78.18
AVALON,"1,950.30","2,081.00","1,948.00","1,940.80","2,076.00",-,135.2,6.97,923261,187.96,"2,081.00",777.30,20.42,147.81
MRPL,171.00,177.77,170.25,170.54,177.00,-,6.46,3.79,10348625,180.35,212.31,120.45,1.44,43.2
WELSPUNLIV,165.05,169.95,164.90,164.06,168.28,-,4.22,2.57,10735012,180.10,178.00,107.10,2.36,47.68
DATAPATTNS,"4,469.00","4,560.00","4,460.60","4,455.80","4,535.00",-,79.2,1.78,382048,172.44,"4,955.90","2,131.00",10.99,80.14
OLAELEC,38.73,40.07,38.30,38.73,39.14,-,0.41,1.06,39919495,156.72,71.25,22.25,-2.56,-5.25
APOLLO,393.80,397.90,386.05,393.55,387.70,-,-5.85,-1.49,3979390,155.45,466.50,179.50,-2.54,104.16
KRN,"1,541.70","1,541.70","1,469.00","1,468.30","1,523.50",-,55.2,3.76,967802,147.88,"1,541.70",589.80,21.89,78.6
SYRMA,"1,477.30","1,503.60","1,458.50","1,465.20","1,472.00",-,6.8,0.46,972670,143.65,"1,543.00",634.50,8.31,112.52
CDSL,"1,344.00","1,359.80","1,323.30","1,344.40","1,356.80",-,12.4,0.92,1012698,136.04,"1,673.70","1,116.30",-4.33,-13.01
CEMPRO,"1,325.00","1,363.70","1,311.00","1,298.80","1,330.00",-,31.2,2.4,1001076,135.43,"1,649.20",503.30,-17.65,73.09
HAPPSTMNDS,424.00,432.40,406.80,420.20,427.50,-,7.3,1.74,3199998,134.88,635.00,330.20,12.6,-26.57
PINELABS,165.70,166.77,162.25,164.86,163.15,-,-1.71,-1.04,7831075,128.39,284.00,134.73,6.52,0.0
HONASA,507.00,509.80,476.90,502.80,480.00,-,-22.8,-4.53,2570012,126.35,509.80,248.40,2.79,71.74
PARAS,"1,383.50","1,393.00","1,346.00","1,377.50","1,387.00",-,9.5,0.69,907157,124.56,"1,443.00",580.50,17.91,107.87
GNFC,571.95,604.75,570.05,568.95,600.90,-,31.95,5.62,2023800,119.91,616.00,365.00,19.53,19.8
SAMMAANCAP,152.39,156.00,149.84,152.39,153.48,-,1.09,0.72,7798086,119.86,192.95,116.70,-6.2,29.77
TENNIND,538.60,551.90,536.85,538.25,551.90,-,13.65,2.54,2170914,118.85,657.00,438.05,-0.45,0.0
ANGELONE,287.00,295.65,282.15,287.30,293.50,-,6.2,2.16,4087024,118.50,360.45,208.63,-10.78,11.08
GLAND,"2,986.00","2,993.30","2,859.70","2,970.20","2,902.00",-,-68.2,-2.3,372430,108.94,"3,039.80","1,573.60",18.5,46.88
BLUESTONE,852.90,860.00,829.05,845.25,837.00,-,-8.25,-0.98,1277490,107.97,926.00,399.80,39.72,0.0
GPIL,235.43,253.00,232.90,235.43,251.10,-,15.67,6.66,4360351,107.44,320.00,197.10,2.76,23.84
NUVAMA,"1,679.00","1,740.00","1,675.20","1,670.10","1,734.90",-,64.8,3.88,620062,106.21,"2,066.00","1,096.90",-6.88,24.65
MIDHANI,418.45,437.40,413.05,416.70,428.05,-,11.35,2.72,2406627,103.47,456.60,266.65,4.91,8.0
CAMS,762.20,776.25,755.55,762.25,776.25,-,14.0,1.84,1314547,100.72,844.90,611.40,3.35,0.33
NAVINFLUOR,"8,255.00","8,288.50","8,110.00","8,235.00","8,149.50",-,-85.5,-1.04,123002,100.71,"8,775.50","4,498.50",7.53,63.06
ASTERDM,822.35,844.90,816.20,822.35,819.60,-,-2.75,-0.33,1180504,97.62,891.30,519.10,-0.04,35.34
JYOTHYLAB,199.36,215.00,196.28,199.36,214.70,-,15.34,7.69,4700675,97.23,352.70,188.10,7.19,-35.18
MEESHO,191.00,194.56,191.00,191.16,193.90,-,2.74,1.43,5004269,96.84,254.40,125.56,3.21,0.0
FORCEMOT,"18,300.00","18,740.00","18,261.00","18,361.00","18,605.00",-,244.0,1.33,52072,96.63,"26,450.00","14,911.00",1.98,-5.43
MANAPPURAM,347.05,350.35,344.20,349.00,348.60,-,0.6,0.17,2734419,94.99,381.55,245.15,7.11,31.05
PCJEWELLER,9.65,9.84,9.56,9.64,9.78,-,0.14,1.45,97016852,94.11,15.38,7.47,0.82,-24.42
BALRAMCHIN,633.00,658.70,630.70,624.85,656.00,-,31.15,4.99,1396378,90.63,665.50,393.55,8.53,16.02
CONCORDBIO,"1,451.40","1,535.90","1,437.20","1,451.30","1,524.00",-,72.7,5.01,599262,90.40,"1,801.90",987.00,13.49,-7.21
KPIGREEN,319.00,319.00,301.20,319.00,303.00,-,-16.0,-5.02,2908257,88.98,542.25,301.20,-26.03,-40.43
RRKABEL,"2,779.10","2,793.60","2,708.30","2,785.60","2,757.00",-,-28.6,-1.03,320939,88.35,"2,848.00","1,165.00",20.22,127.51
ATLANTAELE,"1,709.80","1,816.80","1,683.00","1,680.80","1,815.00",-,134.2,7.98,500044,88.13,"2,152.60",707.60,6.87,0.0
ELGIEQUIP,614.00,626.55,603.20,609.50,625.00,-,15.5,2.54,1399590,86.75,633.85,408.25,7.44,26.75
GESHIP,"1,281.10","1,299.40","1,261.00","1,284.50","1,279.00",-,-5.5,-0.43,680888,86.73,"1,798.00",922.50,-4.94,31.75
BECTORFOOD,242.34,257.50,238.10,240.37,256.10,-,15.73,6.54,3461884,86.38,299.00,165.00,35.77,-8.23
JYOTICNC,829.80,860.00,829.80,826.90,853.50,-,26.6,3.22,1004133,85.32,"1,055.90",580.10,9.21,-7.03
DEEPAKNTR,"1,728.60","1,787.50","1,723.30","1,723.20","1,781.10",-,57.9,3.36,476775,84.10,"1,904.40","1,280.00",4.28,-4.07
J&KBANK,154.00,154.80,147.13,155.48,148.20,-,-7.28,-4.68,5611294,83.70,201.75,97.35,-18.88,42.46
REDINGTON,334.65,344.00,330.70,334.05,333.80,-,-0.25,-0.07,2339195,78.89,364.50,191.31,21.36,40.78
NSLNISP,43.00,43.78,40.48,44.50,41.94,-,-2.56,-5.75,18817302,77.98,53.75,33.01,-2.44,4.64
RKFORGE,738.85,759.00,733.95,732.60,753.55,-,20.95,2.86,1027756,76.82,763.50,460.15,32.61,33.32
COHANCE,439.10,459.80,437.80,440.65,447.00,-,6.35,1.44,1708901,76.62,"1,038.90",266.70,1.15,-51.09
VGUARD,326.75,345.90,326.25,326.75,345.00,-,18.25,5.59,2297117,76.47,392.20,288.80,14.94,-4.15
SANSERA,"3,938.50","4,019.90","3,893.50","3,924.60","3,980.00",-,55.4,1.41,192345,76.29,"4,038.00","1,241.30",23.65,210.99
HEG,704.00,710.80,688.45,701.00,697.50,-,-3.5,-0.5,1071949,75.04,711.20,459.80,18.75,38.31
NATCOPHARM,896.10,897.10,870.20,903.15,894.00,-,-9.15,-1.01,844481,74.88,"1,226.80",789.00,-5.4,2.24
AEGISLOG,"1,266.00","1,298.90","1,261.00","1,265.40","1,288.00",-,22.6,1.79,573952,73.88,"1,497.80",576.10,-4.53,83.96
BEML,"1,890.00","1,929.00","1,880.40","1,874.40","1,909.30",-,34.9,1.86,386580,73.79,"2,275.75","1,355.00",5.35,-5.8
UTLSOLAR,425.20,466.20,425.20,423.85,466.20,-,42.35,9.99,1613583,73.26,466.20,172.00,27.67,0.0
RAYMOND,634.80,648.90,628.00,635.45,646.20,-,10.75,1.69,1136588,73.10,679.00,320.00,6.85,5.6
ZENTEC,"1,873.00","1,896.60","1,852.40","1,857.20","1,866.00",-,8.8,0.47,388352,72.69,"2,024.00","1,223.00",5.44,32.66
SUDARSCHEM,"1,115.00","1,130.00","1,080.10","1,118.10","1,095.80",-,-22.3,-1.99,651251,72.21,"1,603.00",726.40,5.6,-24.2
GRSE,"2,622.00","2,650.00","2,590.00","2,618.60","2,601.50",-,-17.1,-0.65,276098,72.09,"3,339.00","1,963.70",0.79,0.53
CUB,208.00,216.40,204.81,208.64,214.85,-,6.21,2.98,3296615,69.97,245.38,145.13,-4.35,35.56
KIRLOSENG,"2,100.10","2,122.00","2,070.00","2,100.10","2,098.00",-,-2.1,-0.1,327449,68.55,"2,720.00",855.80,-6.99,132.47
TRIVENI,268.93,287.20,268.37,266.42,279.50,-,13.08,4.91,2440871,68.43,490.10,220.05,-40.8,-15.76
WABAG,"1,930.00","1,932.90","1,876.40","1,904.60","1,898.00",-,-6.6,-0.35,347369,65.70,"2,253.50","1,033.00",-4.68,19.82
QPOWER,"1,260.00","1,311.70","1,256.10","1,249.30","1,304.00",-,54.7,4.38,502379,65.58,"1,441.00",581.00,12.12,68.05
UJJIVANSFB,72.63,72.80,71.38,72.47,72.11,-,-0.36,-0.5,9089704,65.50,73.29,41.32,11.14,73.05
DELHIVERY,458.70,459.55,453.20,459.70,456.00,-,-3.7,-0.8,1432534,65.38,524.00,374.45,-7.35,-1.75
WOCKPHARMA,"1,928.50","1,937.00","1,884.20","1,932.70","1,896.90",-,-35.8,-1.85,342549,65.14,"2,422.30","1,086.70",-0.2,24.39
PGEL,600.10,614.00,594.25,601.00,614.00,-,13.0,2.16,1055830,63.76,644.40,436.55,-0.59,25.4
ANANTRAJ,629.00,634.40,622.75,629.95,624.80,-,-5.15,-0.82,1000410,62.79,743.65,403.00,5.52,16.62
NBCC,89.46,90.26,88.54,89.15,89.75,-,0.75,0.84,6941578,62.15,125.85,77.18,-7.71,-13.25
EMIL,189.44,193.99,187.50,189.44,192.60,-,3.16,1.67,3235362,61.75,196.74,84.90,49.57,61.55
TATATECH,866.00,867.00,837.60,867.90,839.00,-,-28.9,-3.33,724569,61.49,891.00,507.40,10.68,26.48
BATAINDIA,760.00,764.15,740.00,755.70,757.50,-,1.8,0.24,806511,60.82,"1,282.50",605.00,9.24,-27.84
SHILPAMED,822.00,825.00,803.05,822.00,809.00,-,-13.0,-1.58,748269,60.82,825.40,259.50,30.43,78.06
PPLPHARMA,208.00,208.69,203.32,206.64,204.73,-,-1.91,-0.92,2912134,59.89,218.50,132.30,14.11,7.73
RBA,99.50,101.80,97.55,99.08,99.27,-,0.19,0.19,5942014,59.39,103.20,57.15,49.32,25.99
TI,573.75,582.20,566.60,568.75,581.00,-,12.25,2.15,1007098,57.96,583.75,381.55,31.39,15.38
VIYASH,255.00,255.00,245.30,255.65,251.50,-,-4.15,-1.62,2315295,57.83,298.00,167.95,-6.38,43.08
BLS,280.00,282.70,270.60,278.12,274.00,-,-4.12,-1.48,2076768,57.12,392.85,218.90,16.25,-26.53
GMDCLTD,579.00,585.00,570.00,580.80,576.05,-,-4.75,-0.82,986723,57.07,771.90,400.00,-0.94,35.56
SKFINDIA,"1,558.10","1,671.00","1,558.10","1,573.30","1,646.00",-,72.7,4.62,356347,56.61,"5,074.00","1,404.00",11.82,-62.89
URBANCO,144.20,145.60,142.65,144.39,144.65,-,0.26,0.18,3896552,56.18,201.18,100.70,10.97,0.0
RAIN,208.00,209.24,204.21,208.69,206.90,-,-1.79,-0.86,2704223,55.87,252.00,99.90,0.06,33.01
ACUTAAS,"3,262.00","3,263.00","3,162.30","3,235.60","3,190.00",-,-45.6,-1.41,172332,55.16,"3,740.00","1,287.80",-11.86,145.38
STLTECH,648.90,660.00,631.00,647.75,642.00,-,-5.75,-0.89,846417,54.83,683.50,84.60,23.37,376.3
TIMETECHNO,193.00,193.50,188.27,193.27,191.00,-,-2.27,-1.17,2854111,54.67,249.15,154.00,-6.39,-14.28
ARVIND,568.75,569.00,538.15,571.85,555.00,-,-16.85,-2.95,995836,54.67,600.00,274.80,3.55,93.35
MSTCLTD,623.40,657.00,623.00,623.40,655.60,-,32.2,5.17,844307,54.47,743.90,362.15,10.27,47.28
KARURVYSYA,331.75,335.75,326.60,331.75,333.45,-,1.7,0.51,1638570,54.36,351.80,201.82,7.63,55.61
NEOGEN,"2,223.00","2,302.20","2,181.70","2,204.90","2,262.00",-,57.1,2.59,240329,54.26,"2,374.00",966.70,3.97,61.76
CRAFTSMAN,"10,251.00","10,625.00","10,251.00","10,251.00","10,483.00",-,232.0,2.26,51661,54.03,"10,762.00","6,324.00",15.13,47.79
POONAWALLA,499.00,504.95,495.15,497.90,498.15,-,0.25,0.05,1077907,53.92,570.40,361.20,4.37,9.3
CGCL,226.50,228.50,222.22,226.52,227.85,-,1.33,0.59,2365833,53.30,264.53,151.10,-11.13,22.59
RBLBANK,384.90,386.05,381.50,385.00,381.50,-,-3.5,-0.91,1376951,52.83,392.70,243.25,3.64,51.48
JPPOWER,17.39,17.59,17.20,17.39,17.42,-,0.03,0.17,30288768,52.67,24.50,13.15,3.26,-6.14
SKFINDUS,"2,661.80","2,760.00","2,650.50","2,684.70","2,740.00",-,75.3,2.83,189736,51.62,"3,041.00","1,994.10",4.27,0.0
EMMVEE,320.95,326.65,319.00,321.50,321.00,-,-0.5,-0.16,1588227,51.22,371.55,171.51,-6.97,0.0
HBLENGINE,678.30,683.05,666.70,678.50,676.00,-,-2.5,-0.37,755783,50.89,"1,122.00",613.00,-8.88,-11.71
RPOWER,23.06,23.13,22.32,22.98,22.74,-,-0.24,-1.04,22509176,50.87,50.85,20.17,-6.96,-47.48
KPIL,"1,367.20","1,410.00","1,350.10","1,352.20","1,406.00",-,53.8,3.98,358730,49.76,"1,479.60","1,007.10",7.33,14.11
GRAVITA,"1,790.00","1,831.20","1,763.80","1,794.30","1,819.90",-,25.6,1.43,275373,49.65,"1,913.60","1,266.90",0.09,1.97
SAILIFE,"1,448.80","1,454.60","1,409.00","1,449.90","1,420.00",-,-29.9,-2.06,345682,49.34,"1,475.00",783.85,11.64,59.97
TBOTEK,"1,645.60","1,707.00","1,613.70","1,633.30","1,700.10",-,66.8,4.09,291284,49.05,"1,764.80","1,004.20",16.53,17.74
PRIVISCL,"3,510.40","3,510.40","3,426.10","3,482.20","3,444.80",-,-37.4,-1.07,139105,48.23,"3,785.30","2,193.90",-6.3,40.6
TEJASNET,535.20,535.25,521.00,538.50,523.00,-,-15.5,-2.88,906088,47.50,647.00,294.00,-2.95,-5.73
PICCADIL,644.90,699.00,638.70,641.90,698.80,-,56.9,8.86,697629,47.39,809.70,515.00,-4.21,12.62
MTARTECH,"7,100.00","7,198.50","6,900.00","7,056.00","7,075.00",-,19.0,0.27,66761,47.35,"8,714.00","1,390.50",17.02,366.29
LLOYDSENGG,93.54,93.95,91.01,93.53,91.34,-,-2.19,-2.34,5124804,47.11,99.75,37.40,3.14,31.52
IIFL,631.10,634.90,625.00,631.15,628.55,-,-2.6,-0.41,743878,46.90,675.00,409.10,13.21,42.3
ANURAS,"1,210.50","1,222.30","1,192.30","1,209.40","1,195.50",-,-13.9,-1.15,385144,46.40,"1,415.00","1,045.20",-5.68,3.2
THANGAMAYL,"5,454.00","5,480.00","5,286.00","5,427.00","5,329.00",-,-98.0,-1.81,85919,46.26,"7,430.00","1,939.50",-17.2,165.94
BANDHANBNK,174.20,174.20,172.15,174.55,173.25,-,0.2,0.12,2639964,45.63,220.76,134.25,-18.76,6.04
KAJARIACER,"1,259.00","1,261.50","1,234.90","1,253.40","1,255.00",-,1.6,0.13,364900,45.62,"1,309.70",869.60,1.25,-1.01
KIMS,811.00,818.75,799.00,809.10,801.00,-,-8.1,-1.0,566635,45.51,858.00,575.80,-0.24,7.51
OSWALPUMPS,301.00,309.00,296.35,300.50,304.75,-,4.25,1.41,1504978,45.36,888.40,283.10,-23.59,-61.64
AARTIPHARM,860.00,885.00,851.35,851.20,864.00,-,12.8,1.5,520496,45.12,946.10,585.00,22.05,14.05
EPL,245.00,250.43,242.05,244.60,242.35,-,-2.25,-0.92,1824825,44.98,259.83,176.40,1.18,5.26
PRICOLLTD,793.55,808.90,788.45,792.05,806.40,-,14.35,1.81,559472,44.69,808.90,422.90,31.06,88.39
DEVYANI,144.00,145.00,141.62,143.76,143.25,-,-0.51,-0.35,3104617,44.59,191.00,91.55,27.9,-7.69
HCC,19.91,20.55,19.65,19.82,20.50,-,0.68,3.43,22198910,44.51,28.50,13.65,-8.36,-4.87
SCI,292.25,293.40,285.55,292.25,287.00,-,-5.25,-1.8,1543079,44.50,368.75,195.55,1.86,38.23
VARROC,851.60,874.85,842.30,847.90,845.00,-,-2.9,-0.34,508443,43.54,874.85,462.00,30.36,62.55
ASTRAMICRO,"1,747.00","1,754.90","1,701.00","1,739.30","1,705.00",-,-34.3,-1.97,251228,43.13,"1,960.00",851.00,-0.92,69.42
MINDACORP,721.55,732.55,720.00,720.05,725.00,-,4.95,0.69,587785,42.68,769.00,468.50,6.88,46.42
SHYAMMETL,"1,004.00","1,004.80",981.60,999.60,990.00,-,-9.6,-0.96,429812,42.48,"1,090.00",746.00,-3.18,3.42
EMCURE,"1,920.00","1,936.90","1,869.00","1,932.30","1,878.00",-,-54.3,-2.81,220968,41.88,"2,048.00","1,260.00",5.32,29.09
GPPL,159.99,162.38,158.71,158.68,159.83,-,1.15,0.72,2610399,41.83,200.09,141.55,5.69,3.9
ANANDRATHI,"2,198.00","2,200.00","2,167.90","2,174.70","2,173.60",-,-1.1,-0.05,188710,41.12,"2,230.00","1,334.05",4.87,60.39
THELEELA,513.15,520.00,498.10,510.05,504.00,-,-6.05,-1.19,797105,40.23,527.00,384.50,3.78,14.75
AARTIIND,534.10,537.10,523.60,534.10,525.20,-,-8.9,-1.67,754607,39.87,541.70,338.05,6.33,39.64
JSFB,577.50,577.50,541.60,577.75,548.00,-,-29.75,-5.15,714530,39.52,593.00,330.00,11.16,18.77
SAREGAMA,527.45,534.60,515.00,527.30,520.10,-,-7.2,-1.37,754505,39.45,574.50,307.05,5.1,8.41
WEBELSOLAR,83.96,84.94,80.85,85.10,82.40,-,-2.7,-3.17,4771303,39.09,142.51,50.40,-20.99,-39.34
IGIL,352.00,362.55,341.50,345.90,354.95,-,9.05,2.62,1099849,38.75,392.00,287.00,2.48,4.32
GRAPHITE,724.90,735.95,717.75,721.60,731.00,-,9.4,1.3,527724,38.42,802.40,505.80,13.39,36.78
KTKBANK,310.00,310.30,303.55,309.65,304.10,-,-5.55,-1.79,1251381,38.41,316.80,169.12,11.33,79.0
WELCORP,"1,873.30","1,887.10","1,846.00","1,873.30","1,883.50",-,10.2,0.54,202713,37.81,"1,896.00",710.00,19.1,113.49
SENCO,340.00,343.60,333.30,341.85,342.00,-,0.15,0.04,1100322,37.33,430.00,276.00,-6.19,-5.24
ACMESOLAR,373.55,373.55,363.80,374.10,365.00,-,-9.1,-2.43,1019177,37.31,398.65,195.90,-5.26,32.01
CLEAN,829.40,844.40,821.55,821.50,837.90,-,16.4,2.0,445913,37.28,"1,256.80",652.00,12.56,-29.05
CESC,168.99,170.60,168.30,167.83,170.00,-,2.17,1.29,2197565,37.27,204.50,138.12,2.97,4.35
EDELWEISS,122.02,123.44,120.05,121.98,122.51,-,0.53,0.43,3043957,37.25,133.90,93.50,3.08,27.24
SAGILITY,42.28,42.77,42.00,42.28,42.47,-,0.19,0.45,8743424,37.05,57.89,35.83,1.72,-4.3
TITAGARH,831.05,836.60,812.70,831.35,820.55,-,-10.8,-1.3,448731,36.74,971.00,568.70,-4.57,1.26
AVANTIFEED,861.40,878.90,841.10,861.40,878.00,-,16.6,1.93,426130,36.64,"1,593.80",614.25,-14.33,34.85
DIACABS,368.50,374.00,358.00,368.50,361.00,-,-7.5,-2.04,989975,36.47,379.00,115.57,62.33,145.43
STARHEALTH,581.55,587.95,578.75,585.15,583.70,-,-1.45,-0.25,615038,35.95,624.90,416.55,0.13,33.1
OLECTRA,"1,315.00","1,334.60","1,306.90","1,316.90","1,320.50",-,3.6,0.27,271051,35.77,"1,714.20",866.60,-1.95,-10.1
NH,"1,841.00","1,842.20","1,813.00","1,832.60","1,828.00",-,-4.6,-0.25,196058,35.73,"2,093.30","1,589.00",-9.93,0.88
ARE&M,945.95,949.40,938.15,945.95,946.80,-,0.85,0.09,372044,35.10,"1,057.85",670.00,4.34,-0.61
DEEPAKFERT,"1,502.00","1,528.50","1,489.00","1,496.40","1,512.40",-,16.0,1.07,231896,34.89,"1,681.00",866.40,-5.12,4.46
GRANULES,850.00,869.85,838.05,858.40,860.20,-,1.8,0.21,404940,34.65,910.00,452.50,-2.34,87.24
KEC,440.20,441.95,433.35,439.90,436.70,-,-3.2,-0.73,788887,34.36,937.80,433.35,-11.85,-43.91
KRBL,387.60,398.60,380.25,386.40,394.95,-,8.55,2.21,874538,34.16,495.00,274.65,10.17,-15.89
GMMPFAUDLR,"1,065.00","1,079.40","1,041.30","1,048.25","1,056.00",-,7.75,0.74,318946,33.82,"1,310.00",735.00,32.48,-17.08
MGL,"1,139.00","1,152.90","1,121.10","1,138.70","1,134.00",-,-4.7,-0.41,294287,33.21,"1,378.00",900.00,3.05,-13.68
JSLL,521.00,523.00,503.90,521.35,517.75,-,-3.6,-0.69,646563,33.12,849.50,492.00,-8.47,-21.52
SUPRIYA,791.65,806.85,779.85,791.65,782.45,-,-9.2,-1.16,418130,32.87,"1,085.00",545.50,-5.58,20.34
ABFRL,55.90,55.90,54.90,55.98,55.25,-,-0.73,-1.3,5927138,32.71,94.95,53.51,-4.49,-26.33
ASKAUTOLTD,644.60,673.25,633.25,644.70,647.00,-,2.3,0.36,495881,32.39,687.70,375.30,34.2,35.43
TEGA,"1,707.10","1,750.00","1,688.60","1,703.80","1,744.00",-,40.2,2.36,187213,32.22,"2,125.00","1,473.00",7.51,-5.79
ECLERX,"1,891.60","1,891.60","1,829.50","1,897.00","1,849.00",-,-48.0,-2.53,172306,31.96,"2,497.50","1,320.00",-6.61,-7.49
SUMICHEM,568.00,572.05,554.40,564.95,560.50,-,-4.45,-0.79,566775,31.84,617.45,362.60,4.08,-4.42
LEMONTREE,108.92,110.15,108.52,108.92,109.48,-,0.56,0.51,2895272,31.62,180.68,99.61,-2.22,-24.63
CMSINFO,263.55,264.85,252.30,263.45,254.00,-,-9.45,-3.59,1223705,31.32,452.30,252.30,-7.85,-41.7
PVRINOX,"1,173.70","1,208.90","1,165.70","1,174.00","1,195.10",-,21.1,1.8,261706,31.24,"1,249.70",907.40,19.6,10.76
BRIGADE,590.35,600.75,576.00,591.55,592.05,-,0.5,0.08,527798,31.13,802.01,450.75,4.48,-15.81
PRAJIND,335.95,338.50,327.00,335.25,335.00,-,-0.25,-0.07,936149,31.09,433.00,273.00,-3.44,-18.55
ACE,"1,085.00","1,117.10","1,081.70","1,085.60","1,117.00",-,31.4,2.89,280151,30.92,"1,170.00",745.10,13.13,19.8
INDIGOPNTS,"1,161.70","1,211.80","1,155.60","1,148.70","1,161.50",-,12.8,1.11,261404,30.77,"1,345.90",708.05,9.05,4.9
AEQUS,250.00,252.84,247.45,249.64,249.39,-,-0.25,-0.1,1230567,30.73,274.39,113.30,9.2,0.0
ABLBL,88.70,90.53,87.68,88.77,90.00,-,1.23,1.39,3468842,30.65,151.33,87.68,-5.14,-31.78
ENGINERSIN,244.00,245.01,239.04,243.68,240.00,-,-3.68,-1.51,1268614,30.55,267.00,163.55,5.42,26.11
PNBHOUSING,"1,140.00","1,154.00","1,135.20","1,150.50","1,150.80",-,0.3,0.03,264061,30.17,"1,174.80",729.60,4.64,50.04
NAVA,579.80,579.80,555.50,572.65,559.90,-,-12.75,-2.23,530275,29.81,739.40,501.65,-4.58,-3.73
SUNTV,486.65,497.35,485.15,484.60,488.50,-,3.9,0.8,606355,29.76,660.70,475.85,-2.06,-15.02
SWANCORP,304.00,306.50,302.00,304.60,304.50,-,-0.1,-0.03,978187,29.73,506.00,295.65,-1.95,-29.73
GRWRHITECH,"7,140.00","7,140.00","6,983.50","7,088.50","7,009.00",-,-79.5,-1.12,42073,29.65,"7,990.00","2,681.00",0.55,152.73
GSFC,160.50,163.60,159.35,160.25,160.00,-,-0.25,-0.16,1839264,29.61,220.59,138.83,0.53,-21.09
RENUKA,22.05,23.19,21.98,21.95,23.15,-,1.2,5.47,12864772,29.27,33.50,21.05,3.49,-17.56
GOKEX,792.20,809.00,781.10,783.65,805.00,-,21.35,2.72,361997,28.85,954.90,531.00,-2.75,12.6
TECHNOE,969.75,977.90,941.55,968.40,961.00,-,-7.4,-0.76,301073,28.71,"1,575.00",870.00,-7.07,-35.67
KNRCON,131.00,136.67,126.55,132.43,134.00,-,1.57,1.19,2154878,28.37,220.00,108.65,9.33,-32.56
PIRAMALFIN,"2,042.50","2,079.80","2,035.00","2,057.70","2,058.00",-,0.3,0.01,136718,28.22,"2,220.00","1,260.00",-4.02,0.0
LUMAXTECH,"2,040.10","2,074.30","2,026.20","2,025.70","2,045.00",-,19.3,0.95,134817,27.66,"2,110.00",999.90,44.05,103.54
POLYMED,"1,789.90","1,800.10","1,721.90","1,786.20","1,741.00",-,-45.2,-2.53,157632,27.57,"2,144.90","1,182.00",3.6,-8.48
AXISCADES,"1,480.00","1,585.90","1,480.00","1,484.80","1,558.00",-,73.2,4.93,176263,27.37,"2,211.00","1,063.30",0.65,28.68
JUBLPHARMA,865.80,878.00,847.85,865.80,864.70,-,-1.1,-0.13,309691,26.74,"1,184.80",786.05,-15.44,-18.12
PFIZER,"4,860.10","4,930.20","4,810.00","4,874.80","4,839.00",-,-35.8,-0.73,54880,26.65,"5,873.50","4,360.10",5.96,-9.18
V2RETAIL,216.00,219.50,215.00,216.40,219.20,-,2.8,1.29,1215948,26.46,259.25,158.56,-0.87,27.61
JAINREC,293.00,303.00,293.00,293.40,302.50,-,9.1,3.1,876641,26.21,593.95,247.57,-8.0,0.0
JMFINANCIL,126.11,128.40,125.27,126.43,128.01,-,1.58,1.25,2060583,26.19,199.80,112.00,3.03,-31.14
BBOX,798.20,801.00,765.00,795.85,776.00,-,-19.85,-2.49,335756,26.08,"1,103.00",435.05,-6.0,64.77
EIDPARRY,775.45,794.05,774.25,775.20,792.00,-,16.8,2.17,329825,26.04,"1,196.40",698.20,5.46,-31.88
GODREJAGRO,586.00,601.20,578.85,580.50,593.00,-,12.5,2.15,439383,25.97,782.00,506.10,4.44,-21.2
SOUTHBANK,46.00,46.09,45.10,45.74,45.25,-,-0.49,-1.07,5696877,25.86,49.90,28.11,1.46,54.44
CARTRADE,"2,792.00","2,802.50","2,772.40","2,797.80","2,800.00",-,2.2,0.08,92340,25.76,"3,290.50","1,600.00",3.73,20.64
AFFLE,"1,668.60","1,714.70","1,651.00","1,668.80","1,714.00",-,45.2,2.71,151323,25.55,"2,185.90","1,251.30",11.84,-12.76
LALPATHLAB,"1,931.00","1,931.00","1,870.10","1,916.30","1,872.00",-,-44.3,-2.31,134988,25.51,"1,988.90","1,272.60",10.94,11.83
FIEMIND,"2,338.80","2,352.00","2,261.50","2,350.40","2,273.00",-,-77.4,-3.29,110074,25.44,"2,674.80","1,815.00",0.04,24.1
CASTROLIND,186.95,187.82,186.48,186.82,187.55,-,0.73,0.39,1353498,25.36,211.40,170.10,1.68,-8.64
RATEGAIN,942.70,955.50,930.30,942.60,950.65,-,8.05,0.85,267690,25.30,"1,050.00",437.00,-0.01,94.57
CAPLIPOINT,"2,482.90","2,530.10","2,441.40","2,480.50","2,525.00",-,44.5,1.79,99795,24.76,"2,699.00","1,500.30",-3.41,18.26
TRITURBINE,589.10,600.05,581.85,592.40,598.70,-,6.3,1.06,416501,24.73,787.60,428.35,-2.69,17.09
ABREL,"1,414.90","1,443.80","1,378.70","1,402.90","1,400.10",-,-2.8,-0.2,174072,24.43,"1,965.30","1,080.10",-3.35,-21.13
IGL,149.00,153.00,147.65,151.70,151.42,-,-0.28,-0.18,1601877,23.97,223.50,141.74,-1.1,-25.81
ZFCVINDIA,"2,636.00","2,636.00","2,608.00","2,636.70","2,625.00",-,-11.7,-0.44,91005,23.86,"3,044.00","2,050.33",8.91,14.64
SAATVIKGL,401.00,408.30,384.70,427.40,405.70,-,-21.7,-5.08,601340,23.73,567.00,328.00,-13.01,0.0
SHAILY,"3,365.00","3,433.20","3,358.60","3,365.00","3,381.20",-,16.2,0.48,69651,23.70,"3,615.20","1,770.90",22.48,84.4
LOTUSDEV,170.97,174.50,169.00,172.45,169.00,-,-3.45,-2.0,1353967,23.30,207.50,102.20,20.76,-9.89
NAZARA,356.05,357.00,349.10,355.90,349.30,-,-6.6,-1.85,659087,23.28,362.00,215.70,14.66,-1.23
CEATLTD,"3,700.00","3,704.70","3,600.00","3,688.80","3,613.00",-,-75.8,-2.05,63148,22.91,"4,438.00","3,000.50",1.78,16.87
PTC,162.16,163.44,160.00,161.47,160.45,-,-1.02,-0.63,1418832,22.84,229.51,149.59,-5.1,-13.96
PARADEEP,148.00,149.35,145.51,147.85,147.48,-,-0.37,-0.25,1552726,22.80,232.22,99.70,5.15,-26.29
NEWGEN,537.80,539.00,525.55,535.15,534.20,-,-0.95,-0.18,427348,22.76,"1,041.95",401.05,-2.44,-39.74
GABRIEL,"1,469.50","1,469.50","1,420.20","1,459.00","1,442.10",-,-16.9,-1.16,156673,22.56,"1,600.00",795.70,7.89,34.11
AKUMS,726.60,749.60,715.10,726.60,742.95,-,16.35,2.25,304026,22.54,775.00,409.30,11.73,57.86
ZENSARTECH,491.70,495.85,483.90,490.80,491.20,-,0.4,0.08,460647,22.53,868.95,423.00,-5.2,-38.84
JAYNECOIND,88.93,89.49,86.75,88.93,88.65,-,-0.28,-0.31,2570017,22.52,117.00,56.71,-1.81,54.33
SARDAEN,531.15,531.15,518.40,531.15,520.00,-,-11.15,-2.1,426925,22.31,639.75,453.10,4.1,-6.16
RAMCOCEM,917.00,926.20,905.05,907.20,921.00,-,13.8,1.52,242347,22.21,"1,214.50",838.30,0.13,-13.66
CHOLAHLDNG,"1,610.00","1,610.00","1,540.70","1,597.20","1,578.00",-,-19.2,-1.2,141204,22.12,"2,064.00","1,305.00",0.28,-16.23
JWL,250.00,253.95,247.00,256.50,253.90,-,-2.6,-1.01,865865,21.75,372.85,235.65,-0.16,-19.19
SHRIPISTON,"4,492.40","4,525.00","4,401.00","4,492.40","4,454.30",-,-38.1,-0.85,48722,21.73,"4,588.00","2,444.80",6.82,81.1
ALIVUS,"1,386.70","1,409.30","1,362.70","1,386.70","1,395.00",-,8.3,0.6,155507,21.68,"1,418.00",819.00,23.09,47.76
MANYAVAR,530.00,545.00,521.00,528.75,543.85,-,15.1,2.86,401341,21.44,796.55,329.20,36.23,-26.86
ASAHIINDIA,945.80,955.00,927.00,939.20,934.00,-,-5.2,-0.55,225800,21.18,"1,074.00",775.10,5.99,11.59
CROMPTON,248.05,249.40,245.10,248.30,246.50,-,-1.8,-0.72,848001,20.89,337.50,217.40,-3.9,-22.92
WEWORK,720.00,727.00,703.10,708.50,703.10,-,-5.4,-0.76,290990,20.79,794.50,420.00,3.71,0.0
AGARWALEYE,508.50,508.50,496.60,506.50,499.00,-,-7.5,-1.48,411185,20.69,568.00,401.00,2.7,6.42
CYIENT,865.00,870.00,847.00,867.05,868.00,-,0.95,0.11,237665,20.37,"1,284.70",750.30,1.65,-26.0
IKS,"1,849.90","1,854.00","1,828.00","1,840.00","1,828.10",-,-11.9,-0.65,110946,20.36,"1,933.00","1,262.00",-3.64,17.31
SUNDRMFAST,"1,225.00","1,237.20","1,208.75","1,217.60","1,214.80",-,-2.8,-0.23,165656,20.15,"1,243.35",730.10,25.84,27.85
BLUEJET,587.15,596.75,582.40,584.50,591.75,-,7.25,1.24,340303,20.14,802.05,325.00,1.23,-24.98
ABDL,601.90,611.90,593.20,599.45,611.00,-,11.55,1.93,333738,20.12,711.70,382.10,-0.9,24.26
INDIAMART,"1,789.90","1,804.60","1,766.00","1,789.90","1,769.90",-,-20.0,-1.12,113085,20.05,"2,685.00","1,730.00",-7.34,-30.48
TANLA,582.00,585.35,570.05,582.05,573.45,-,-8.6,-1.48,347216,19.96,766.00,365.90,-1.9,-5.85
VIJAYA,"1,469.90","1,515.00","1,466.80","1,474.10","1,510.00",-,35.9,2.44,130297,19.50,"1,573.00",848.00,12.58,43.37
MSUMI,40.25,40.64,40.00,40.35,40.39,-,0.04,0.1,4799817,19.33,53.59,35.70,0.12,6.88
IDBI,82.20,82.33,81.41,82.45,82.18,-,-0.27,-0.33,2358677,19.31,118.38,61.01,-5.56,-5.92
SKIPPER,525.35,535.80,516.55,525.35,530.55,-,5.2,0.99,364941,19.18,593.00,327.05,-1.53,1.57
ATUL,"6,738.50","6,850.00","6,705.50","6,729.00","6,735.00",-,6.0,0.09,28126,19.01,"7,180.00","5,560.50",9.52,6.08
BSOFT,312.00,312.95,305.70,312.05,311.75,-,-0.3,-0.1,614590,18.97,474.00,270.20,8.23,-15.55
LLOYDSENT,76.50,76.74,74.52,76.49,75.85,-,-0.64,-0.84,2487907,18.78,84.70,40.69,-2.63,4.13
PGIL,"2,480.00","2,480.00","2,357.00","2,474.60","2,380.00",-,-94.6,-3.82,78069,18.73,"2,539.60","1,178.10",16.59,89.37
CHOICEIN,804.95,808.80,800.95,804.35,803.00,-,-1.35,-0.17,231474,18.62,860.50,568.70,-0.72,0.16
THYROCARE,630.00,630.00,610.10,624.05,620.00,-,-4.05,-0.65,299783,18.52,662.00,342.55,19.09,34.42
SOBHA,"1,328.20","1,345.80","1,305.10","1,328.20","1,322.00",-,-6.2,-0.47,140095,18.41,"1,732.00","1,130.00",-9.58,-13.83
AVL,629.65,629.65,596.15,624.65,616.00,-,-8.65,-1.38,302890,18.39,705.00,420.00,-2.89,44.96
SHAKTIPUMP,500.30,505.55,494.50,500.30,504.50,-,4.2,0.84,367406,18.38,915.00,456.35,-7.71,-41.68
TATACHEM,670.20,671.20,661.40,670.65,663.90,-,-6.75,-1.01,271373,18.05,"1,026.65",580.30,-4.95,-28.88
DYNAMATECH,"11,145.00","11,388.00","10,996.00","11,188.00","11,123.00",-,-65.0,-0.58,16143,17.98,"12,875.00","6,320.00",7.9,72.64
ASHAPURMIN,603.45,617.45,602.15,603.45,614.70,-,11.25,1.86,293961,17.96,924.90,455.10,-10.87,23.67
FIVESTAR,549.00,549.00,532.00,550.20,537.20,-,-13.0,-2.36,333764,17.94,666.00,338.15,-3.68,-8.28
NCC,140.65,140.88,138.25,140.65,139.52,-,-1.13,-0.8,1284811,17.87,223.10,130.00,-0.06,-36.13
AEGISVOPAK,269.10,272.25,262.95,269.10,269.80,-,0.7,0.26,667513,17.85,311.49,158.00,-0.53,12.53
APTUS,249.05,256.95,246.45,250.50,255.50,-,5.0,2.0,704661,17.76,364.00,193.03,-16.73,-28.23
RAYMONDLSL,737.60,767.00,737.60,741.20,760.10,-,18.9,2.55,229694,17.42,"1,350.00",677.00,4.94,-26.35
REFEX,295.75,309.40,295.75,297.25,302.00,-,4.75,1.6,571700,17.41,415.00,188.00,-1.56,-15.76
IEX,124.75,125.49,123.78,124.75,125.30,-,0.55,0.44,1388624,17.32,160.27,114.60,2.04,-10.67
BALAMINES,"2,133.80","2,160.40","2,109.70","2,133.80","2,132.00",-,-1.8,-0.08,81358,17.31,"2,443.60",968.10,-6.86,37.65
WAKEFIT,122.00,127.77,120.02,121.38,124.52,-,3.14,2.59,1384971,17.27,224.00,111.40,-4.28,0.0
KIRLPNU,"1,550.00","1,552.00","1,514.20","1,524.70","1,533.30",-,8.6,0.56,112018,17.19,"2,197.10",990.10,-9.59,18.72
TARIL,298.30,299.55,294.90,298.05,296.00,-,-2.05,-0.69,564398,16.72,552.00,224.05,-10.98,-41.47
RAINBOW,"1,423.80","1,485.20","1,423.80","1,461.80","1,480.00",-,18.2,1.25,112226,16.43,"1,610.00","1,084.00",-0.9,-4.67
PCBL,309.90,316.75,308.15,309.80,316.25,-,6.45,2.08,522885,16.33,425.95,226.50,-1.42,-16.4
ONESOURCE,"1,557.50","1,573.40","1,533.10","1,559.20","1,550.30",-,-8.9,-0.57,104753,16.32,"1,925.00","1,057.00",-6.22,-17.41
CHAMBLFERT,446.95,446.95,437.00,442.70,439.00,-,-3.7,-0.84,369715,16.25,580.70,399.75,-3.37,-16.95
SAPPHIRE,236.00,236.45,231.53,234.72,235.49,-,0.77,0.33,692764,16.25,347.90,139.91,29.33,-23.12
STAR,965.00,992.90,965.00,967.80,989.60,-,21.8,2.25,165364,16.22,"1,231.00",768.65,-7.94,10.55
EMAMILTD,403.00,407.00,401.05,403.30,404.55,-,1.25,0.31,400991,16.20,634.20,376.40,-1.2,-30.53
YATHARTH,850.05,853.35,837.25,844.70,842.00,-,-2.7,-0.32,191341,16.15,919.50,538.25,-0.24,18.2
CARBORUNIV,"1,154.70","1,154.70","1,116.80","1,151.60","1,124.00",-,-27.6,-2.4,140768,15.91,"1,306.90",735.20,6.06,32.05
PNGJL,618.05,619.45,608.50,610.70,612.00,-,1.3,0.21,257927,15.79,736.40,503.00,3.42,8.33
AAVAS,"1,390.10","1,399.90","1,380.00","1,397.40","1,386.10",-,-11.3,-0.81,113239,15.72,"1,771.90","1,060.40",-6.43,-16.4
RHIM,379.85,379.85,371.50,379.85,374.90,-,-4.95,-1.3,417956,15.66,515.55,323.05,-8.34,-23.16
AETHER,"1,633.00","1,647.90","1,600.00","1,625.10","1,611.70",-,-13.4,-0.82,95815,15.55,"1,658.00",726.45,9.25,117.34
JSWCEMENT,129.91,130.00,127.40,130.02,127.60,-,-2.42,-1.86,1189077,15.23,162.15,106.65,-8.81,-12.64
SWSOLAR,202.00,204.50,198.30,202.01,204.38,-,2.37,1.17,753220,15.18,286.50,148.00,-8.02,-23.68
SAMHI,161.50,162.00,157.41,163.37,160.20,-,-3.17,-1.94,952559,15.18,227.00,127.00,-2.97,-21.67
GREAVESCOT,194.37,196.25,193.58,194.37,194.83,-,0.46,0.24,769141,14.99,271.90,119.99,-21.9,-6.78
FSL,266.95,269.70,265.60,267.10,267.25,-,0.15,0.06,557871,14.95,381.40,202.00,0.33,-25.6
JKTYRE,383.00,384.05,380.45,384.10,382.10,-,-2.0,-0.52,388253,14.83,611.90,311.00,-5.23,22.49
QUESS,337.80,345.00,327.35,337.80,343.00,-,5.2,1.54,433269,14.75,349.50,166.30,17.89,28.97
INDIAGLYCO,"1,069.00","1,083.00","1,050.00","1,061.10","1,068.00",-,6.9,0.65,138254,14.69,"1,222.00",792.50,-7.88,32.37
CELLO,379.50,379.50,368.85,377.60,369.05,-,-8.55,-2.26,392437,14.61,673.80,336.60,1.15,-30.42
EUREKAFORB,446.20,446.20,429.90,442.75,431.00,-,-11.75,-2.65,331271,14.39,668.30,403.20,-5.94,-22.58
ICIL,379.90,391.00,371.30,379.90,390.45,-,12.05,3.18,373058,14.28,463.80,216.90,0.3,59.01
INOXINDIA,"1,956.00","1,990.00","1,943.10","1,943.00","1,947.00",-,4.0,0.21,72477,14.19,"2,119.80","1,065.00",-1.68,80.51
ASTRAZEN,"7,789.50","7,814.50","7,602.00","7,753.00","7,650.00",-,-103.0,-1.33,18504,14.15,"9,849.50","7,551.50",-4.66,-7.99
FIRSTCRY,205.00,209.55,205.00,206.09,208.99,-,2.9,1.41,673520,13.99,438.70,202.56,-1.22,-43.58
INTELLECT,705.00,705.00,688.95,700.60,695.95,-,-4.65,-0.66,200743,13.92,"1,244.60",595.20,-8.43,-25.02
CENTRALBK,31.40,31.43,31.13,31.40,31.31,-,-0.09,-0.29,4455650,13.90,40.92,29.32,-1.11,-13.29
INOXGREEN,185.26,186.17,178.30,187.07,182.10,-,-4.97,-2.66,754663,13.75,279.00,132.58,-2.1,17.99
JAMNAAUTO,123.13,124.79,122.00,123.12,123.22,-,0.1,0.08,1110660,13.67,152.60,89.01,-6.47,35.99
RELIGARE,235.10,237.80,230.30,234.75,230.80,-,-3.95,-1.68,580024,13.50,280.00,196.51,-9.95,-9.86
HCG,724.00,724.00,702.65,714.30,712.00,-,-2.3,-0.32,188102,13.37,796.68,513.30,8.56,8.78
MOIL,275.00,275.80,269.20,274.15,272.70,-,-1.45,-0.53,490786,13.35,404.90,242.35,1.09,-15.07
SIGNATURE,811.05,812.20,800.00,809.25,801.20,-,-8.05,-0.99,165150,13.30,"1,158.00",705.20,-1.05,-27.18
USHAMART,491.85,500.00,487.45,487.95,499.20,-,11.25,2.31,265944,13.10,527.50,341.35,0.86,40.96
JBMA,622.00,629.75,618.40,622.95,624.90,-,1.95,0.31,207855,12.97,790.00,477.00,-6.78,3.09
PGHH,"8,489.00","8,489.00","8,361.00","8,426.50","8,365.00",-,-61.5,-0.73,15420,12.93,"14,509.00","8,361.00",-4.08,-36.95
ABSLAMC,"1,008.30","1,025.40","1,001.20","1,011.20","1,006.30",-,-4.9,-0.48,125429,12.75,"1,224.90",708.00,-12.54,17.76
SURYAROSNI,222.50,224.73,220.50,222.98,222.41,-,-0.57,-0.26,570337,12.68,314.50,187.35,-9.83,-17.69
VOLTAMP,"10,150.00","10,165.00","9,950.00","10,141.00","9,985.00",-,-156.0,-1.54,12573,12.60,"12,863.00","6,666.00",4.86,26.48
BORORENEW,573.00,574.00,568.00,577.05,571.85,-,-5.2,-0.9,221016,12.59,721.00,374.40,-5.41,1.11
POWERMECH,"2,440.00","2,472.00","2,418.00","2,455.20","2,451.00",-,-4.2,-0.17,50868,12.45,"3,260.00","1,717.70",-4.06,-22.0
LXCHEM,176.00,180.76,175.20,176.05,179.50,-,3.45,1.96,694981,12.43,241.00,107.60,4.51,-1.9
TIPSMUSIC,670.90,672.50,653.55,670.90,655.55,-,-15.35,-2.29,187123,12.30,741.00,481.15,-2.01,11.48
SYNGENE,401.55,404.70,397.05,401.45,402.00,-,0.55,0.14,306199,12.30,684.60,375.25,-3.7,-39.78
BAYERCROP,"4,045.80","4,111.40","4,030.00","4,045.80","4,094.90",-,49.1,1.21,29811,12.15,"5,706.00","4,030.00",-3.29,-27.52
JUBLINGREA,743.95,750.75,725.15,736.95,732.95,-,-4.0,-0.54,164337,12.06,795.00,537.30,-0.83,4.45
SONATSOFTW,325.65,325.75,318.80,325.90,320.45,-,-5.45,-1.67,373124,11.96,421.50,207.15,4.23,-10.91
CANFINHOME,824.95,824.95,807.00,820.80,815.65,-,-5.15,-0.63,146934,11.95,971.50,708.60,-8.3,7.47
ELLEN,336.35,337.05,327.00,332.60,331.60,-,-1.0,-0.3,358932,11.93,559.80,175.00,15.44,-33.58
GODIGIT,259.25,259.25,252.90,259.65,255.80,-,-3.85,-1.48,456821,11.71,381.40,244.20,-9.26,-28.01
ARVINDFASN,447.85,450.55,436.65,447.85,443.00,-,-4.85,-1.08,262407,11.62,579.00,366.20,-4.95,-11.28
ALKYLAMINE,"1,916.90","1,950.90","1,906.00","1,916.90","1,922.00",-,5.1,0.27,60227,11.60,"2,201.90","1,212.00",5.21,-7.3
CCAVENUE,15.49,15.55,15.09,15.43,15.22,-,-0.21,-1.36,7541695,11.48,20.50,12.92,-10.79,2.98
JINDALSAW,267.00,272.25,264.20,267.10,270.65,-,3.55,1.33,421259,11.29,281.00,153.00,0.45,36.08
IMFA,"1,409.70","1,419.50","1,374.20","1,404.50","1,402.00",-,-2.5,-0.18,81136,11.28,"1,679.90",797.00,2.99,70.44
EMBDL,61.80,63.69,60.86,61.62,62.90,-,1.28,2.08,1776804,11.03,105.70,39.46,-0.22,-32.71
TRAVELFOOD,"1,355.20","1,393.50","1,334.80","1,364.90","1,363.00",-,-1.9,-0.14,80291,10.87,"1,470.90","1,035.30",5.36,22.01
RAYMONDREL,583.00,587.00,571.05,577.80,579.85,-,2.05,0.35,186883,10.80,734.90,349.00,-15.14,-10.38
BANCOINDIA,614.00,619.75,604.65,618.10,611.85,-,-6.25,-1.01,176665,10.78,879.80,502.00,-7.24,13.96
SANDUMA,198.01,202.00,195.81,198.01,202.00,-,3.99,2.02,541280,10.76,273.00,141.37,3.11,31.27
MAPMYINDIA,990.00,997.80,980.00,989.70,992.60,-,2.9,0.29,108303,10.71,"1,998.00",795.00,-15.38,-44.24
METROPOLIS,543.50,553.95,539.15,545.50,549.00,-,3.5,0.64,195173,10.70,609.05,412.25,0.68,3.52
IRB,19.25,19.25,19.02,19.26,19.21,-,-0.05,-0.26,5573147,10.65,23.95,19.02,-4.0,-15.34
BLACKBUCK,568.50,572.00,558.15,571.15,570.20,-,-0.95,-0.17,186220,10.53,748.00,496.00,-1.62,4.8
DCMSHRIRAM,"1,024.70","1,025.20","1,015.00","1,024.70","1,022.00",-,-2.7,-0.26,101993,10.40,"1,414.40",945.10,-0.09,-20.34
SFL,700.00,700.35,673.25,699.95,674.90,-,-25.05,-3.58,152631,10.39,832.45,456.80,-11.33,0.36
ELECON,428.00,439.15,427.35,432.35,438.80,-,6.45,1.49,238681,10.37,634.90,352.00,-5.5,-20.58
SPARC,200.45,202.00,196.50,197.98,197.95,-,-0.03,-0.02,521734,10.36,289.00,108.00,-15.84,41.15
EQUITASBNK,74.52,75.20,73.26,74.52,75.15,-,0.63,0.85,1376342,10.25,83.90,50.00,-3.31,41.95
AADHARHFC,498.20,501.95,486.25,498.20,487.75,-,-10.45,-2.1,208660,10.21,563.00,430.15,-5.7,-2.66
WESTLIFE,582.90,585.00,574.60,582.90,584.95,-,2.05,0.35,176220,10.20,775.00,398.40,27.41,-11.98
DCBBANK,182.05,184.39,180.99,182.04,184.25,-,2.21,1.21,549685,10.07,205.90,119.51,-2.99,52.21
IRCON,124.60,124.87,123.12,124.79,124.80,-,0.01,0.01,810616,10.05,189.50,114.50,-3.5,-24.54
ROUTE,505.95,513.05,502.00,505.25,508.05,-,2.8,0.55,195632,9.93,921.60,410.70,-9.49,-41.7
CAMPUS,218.00,219.80,216.60,218.40,218.90,-,0.5,0.23,454677,9.90,297.00,215.20,-7.23,-13.61
VAIBHAVGBL,227.70,228.60,223.55,228.30,227.00,-,-1.3,-0.57,437817,9.89,293.25,174.13,-13.38,6.41
RALLIS,212.50,214.40,211.62,212.48,213.10,-,0.62,0.29,463017,9.86,385.80,207.53,-8.91,-43.84
INDGN,564.90,564.90,553.50,555.80,562.50,-,6.7,1.21,174182,9.75,596.80,414.00,10.1,-1.77
TEXRAIL,105.00,107.45,104.56,104.85,107.24,-,2.39,2.28,918414,9.74,153.00,78.05,-6.97,-19.5
PFOCUS,270.75,273.30,263.30,269.60,266.65,-,-2.95,-1.09,357746,9.56,367.00,139.04,-7.88,67.71
AFCONS,267.75,272.55,267.75,268.80,271.55,-,2.75,1.02,348970,9.45,479.40,259.10,-9.41,-35.51
FEDFINA,152.54,152.54,149.04,150.87,151.90,-,1.03,0.68,627574,9.44,178.48,119.07,-4.22,12.38
WAAREERTL,893.00,901.15,884.00,891.55,899.95,-,8.4,0.94,105161,9.37,"1,358.00",779.50,-9.93,-9.74
WHIRLPOOL,779.00,784.65,773.40,778.90,780.10,-,1.2,0.15,119414,9.29,"1,437.00",753.15,1.08,-37.12
TRANSRAILL,468.35,468.55,463.05,468.95,465.35,-,-3.6,-0.77,199552,9.27,823.00,450.05,-7.17,-41.12
ERIS,"1,365.00","1,370.00","1,321.10","1,358.50","1,349.90",-,-8.6,-0.63,68808,9.25,"1,820.00","1,200.00",-7.25,-19.86
TARC,125.24,125.51,120.70,125.20,123.80,-,-1.4,-1.12,744676,9.13,186.30,109.10,4.58,-23.8
TARC,125.24,125.51,120.70,125.20,123.80,-,-1.4,-1.12,744676,9.13,186.30,109.10,4.58,-23.8
CRAMC,255.05,256.45,251.20,256.20,254.00,-,-2.2,-0.86,359637,9.11,353.40,214.20,-1.87,0.0
GAEL,173.35,174.15,169.60,172.81,172.15,-,-0.66,-0.38,528609,9.10,184.03,101.20,17.99,68.35
PRUDENT,"3,317.60","3,352.50","3,276.30","3,257.10","3,347.00",-,89.9,2.76,27194,9.05,"3,434.00","2,121.00",15.68,25.31
DBREALTY,109.00,111.51,106.32,111.91,109.50,-,-2.41,-2.15,836717,9.04,185.00,83.50,-8.37,-39.47
CCL,"1,144.40","1,144.40","1,127.00","1,133.40","1,136.60",-,3.2,0.28,79020,8.95,"1,242.20",815.50,-4.6,32.31
PNCINFRA,217.50,217.50,213.28,217.92,215.20,-,-2.72,-1.25,411470,8.84,325.00,158.17,-12.26,-30.21
SUDEEPPHRM,"1,120.00","1,120.00","1,080.00","1,105.55","1,099.00",-,-6.55,-0.59,80261,8.79,"1,158.60",524.05,27.38,0.0
RELAXO,399.95,401.45,388.30,396.25,396.00,-,-0.25,-0.06,222421,8.71,526.00,236.50,-9.99,-9.3
STYRENIX,"2,180.00","2,209.70","2,132.60","2,183.70","2,178.00",-,-5.7,-0.26,40081,8.68,"2,767.50","1,780.00",-2.57,-17.42
KSCL,779.00,779.00,761.00,779.95,772.10,-,-7.85,-1.01,112764,8.68,"1,225.00",705.10,-8.45,-30.08
SMARTWORKS,489.00,499.00,486.15,488.75,495.00,-,6.25,1.28,175356,8.64,619.00,361.50,8.67,8.79
LTFOODS,419.80,421.50,416.00,419.80,416.80,-,-3.0,-0.71,202754,8.49,480.00,333.15,8.84,-6.49
ENTERO,"1,448.00","1,448.00","1,393.80","1,416.60","1,401.50",-,-15.1,-1.07,59543,8.43,"1,467.80",944.00,19.38,16.17
GILLETTE,"7,639.00","7,639.00","7,562.00","7,600.00","7,568.50",-,-31.5,-0.41,11013,8.34,"10,740.00","7,206.00",-3.09,-26.25
RTNPOWER,8.45,8.48,8.31,8.45,8.35,-,-0.1,-1.18,9914299,8.29,12.90,7.52,-4.13,-30.59
WELENT,557.50,575.50,557.50,561.70,566.15,-,4.45,0.79,145316,8.27,634.90,412.00,-9.6,25.42
VTL,590.00,609.00,589.00,590.60,604.75,-,14.15,2.4,134126,8.05,688.00,385.50,-5.0,53.47
TMB,849.40,849.40,834.60,849.40,843.50,-,-5.9,-0.69,95533,8.02,917.00,411.80,5.79,96.76
KIRLOSBROS,"1,927.00","1,952.80","1,897.00","1,905.50","1,940.00",-,34.5,1.81,41224,7.98,"2,189.20","1,335.00",3.84,2.79
JKPAPER,381.00,385.10,378.00,379.90,380.00,-,0.1,0.03,208952,7.98,444.80,304.85,2.83,6.68
CREDITACC,"1,560.00","1,560.00","1,526.40","1,549.40","1,533.80",-,-15.6,-1.01,51681,7.95,"1,634.00","1,113.00",3.74,14.96
ACI,506.95,517.50,501.00,503.30,515.00,-,11.7,2.32,152413,7.80,726.00,483.00,-6.43,-23.78
RAILTEL,280.60,282.00,278.05,282.15,279.90,-,-2.25,-0.8,276667,7.73,412.90,245.00,-6.07,-19.34
CHALET,825.05,848.00,817.40,825.10,848.00,-,22.9,2.78,91599,7.69,"1,070.10",691.35,-1.69,-9.11
AHLUCONT,800.00,805.00,773.00,837.35,790.00,-,-47.35,-5.65,97109,7.65,"1,077.95",645.15,-7.41,-16.83
IOB,33.60,33.72,33.20,33.59,33.67,-,0.08,0.24,2260169,7.55,41.80,31.20,-0.53,-6.91
AURIONPRO,733.00,733.40,720.00,734.00,723.00,-,-11.0,-1.5,103893,7.55,"1,497.80",710.25,-14.69,-51.11
CAPILLARY,540.00,543.15,522.00,538.05,524.40,-,-13.65,-2.54,140205,7.46,798.95,464.25,6.68,0.0
FACT,801.00,809.45,790.10,807.70,794.90,-,-12.8,-1.58,93571,7.45,"1,058.60",652.10,-4.64,-17.52
APLLTD,824.80,827.80,812.30,831.25,823.80,-,-7.45,-0.9,90276,7.39,"1,002.00",635.80,-0.16,-13.91
MEDPLUS,669.00,669.05,655.10,668.95,656.75,-,-12.2,-1.82,112171,7.38,"1,022.20",653.00,-18.02,-19.3
LATENTVIEW,288.90,288.90,281.90,285.20,286.50,-,1.3,0.46,250899,7.15,517.50,248.00,-5.71,-28.16
BAJAJELEC,362.40,365.20,355.10,362.40,356.60,-,-5.8,-1.6,198125,7.11,653.80,301.00,7.59,-36.88
JUSTDIAL,681.50,684.30,671.80,681.00,681.00,-,0.0,0.0,104146,7.05,878.60,480.50,-11.25,-17.03
TVSSCS,123.50,124.24,120.40,123.39,121.50,-,-1.89,-1.53,575748,7.01,146.50,90.32,-10.36,-8.27
RITES,221.29,222.88,218.50,221.06,222.88,-,1.82,0.82,317626,7.00,280.90,175.00,2.2,-11.03
CIEINDIA,408.20,412.40,405.80,407.75,412.00,-,4.25,1.04,170049,6.96,526.00,381.10,-13.03,4.22
DBL,412.35,425.00,410.00,412.35,419.35,-,7.0,1.7,165982,6.92,585.00,381.55,2.68,-12.48
JAIBALAJI,72.25,73.40,68.61,70.60,70.00,-,-0.6,-0.85,985942,6.89,109.72,53.65,8.7,-30.96
IONEXCHANG,372.95,379.80,370.00,372.95,375.10,-,2.15,0.58,182560,6.83,486.00,312.70,-13.85,-13.0
ORKLAINDIA,548.00,550.20,541.80,549.75,545.90,-,-3.85,-0.7,125214,6.82,760.00,533.25,-6.85,0.0
TRIDENT,24.30,24.64,24.25,24.34,24.63,-,0.29,1.19,2733925,6.69,30.94,21.98,-2.3,-11.94
GMRP&UI,96.96,97.95,95.85,97.07,96.99,-,-0.08,-0.08,681194,6.59,136.95,89.00,-0.23,-16.92
SBFC,94.01,94.09,92.70,94.05,94.00,-,-0.05,-0.05,703821,6.58,123.00,79.60,-0.1,-10.46
MAHSEAMLES,612.45,623.35,606.40,612.45,622.75,-,10.3,1.68,106253,6.54,690.00,500.70,7.29,-7.67
ASHOKA,112.04,113.67,111.00,112.39,113.35,-,0.96,0.85,570487,6.39,214.50,101.00,-8.54,-36.16
SHARDACROP,782.00,793.00,776.00,786.40,785.50,-,-0.9,-0.11,80915,6.35,"1,297.00",755.55,-12.63,-17.93
BBTC,"1,460.00","1,473.80","1,453.20","1,468.20","1,464.90",-,-3.3,-0.22,42124,6.16,"2,135.00","1,314.60",-1.92,-20.05
NETWORK18,29.10,29.45,28.80,29.01,29.10,-,0.09,0.31,2121270,6.16,58.55,27.38,-3.0,-48.23
ZYDUSWELL,510.95,514.00,502.35,510.30,510.00,-,-0.3,-0.06,120525,6.12,611.85,367.55,-13.04,32.14
AARTIDRUGS,416.30,420.70,408.25,416.35,410.80,-,-5.55,-1.33,147186,6.06,534.55,318.95,-2.72,-15.59
VIPIND,300.00,302.60,294.35,299.80,300.00,-,0.2,0.07,202608,6.03,454.30,278.25,0.86,-26.86
JKLAKSHMI,550.00,558.70,549.00,549.05,557.20,-,8.15,1.48,106684,5.92,989.80,542.95,-2.61,-37.87
ELECTCAST,70.35,72.25,70.35,70.74,72.00,-,1.26,1.78,827202,5.89,108.71,60.15,-3.47,-26.93
ADVENZYMES,303.45,308.00,300.10,304.30,304.65,-,0.35,0.12,192033,5.85,419.00,251.95,-4.98,-0.8
RCF,124.00,124.14,122.61,124.05,123.20,-,-0.85,-0.69,468348,5.77,164.49,106.00,-3.62,-15.12
THOMASCOOK,106.00,106.49,103.54,105.88,103.75,-,-2.13,-2.01,549586,5.73,181.55,86.35,1.04,-34.55
DOMS,"2,219.10","2,224.10","2,203.00","2,215.90","2,213.00",-,-2.9,-0.13,25863,5.72,"2,770.00","2,023.90",-2.32,-7.67
FINPIPE,158.45,160.00,157.52,159.24,159.91,-,0.67,0.42,356947,5.66,222.50,147.54,-2.88,-14.77
HERITGFOOD,358.20,366.00,355.75,358.00,363.05,-,5.05,1.41,155748,5.62,540.00,292.55,9.58,-21.14
UCOBANK,26.00,26.17,25.81,26.00,26.13,-,0.13,0.5,2113964,5.50,34.20,22.22,0.27,-6.91
EIHOTEL,301.00,301.05,295.00,300.35,297.90,-,-2.45,-0.82,184080,5.46,434.80,271.15,-12.06,-24.02
JSWDULUX,"3,130.00","3,214.00","3,127.40","3,167.40","3,160.00",-,-7.4,-0.23,17238,5.43,"3,745.00","2,658.70",4.15,-7.63
STARCEMENT,200.06,203.55,198.12,200.06,198.50,-,-1.56,-0.78,267294,5.38,308.95,195.91,-3.38,-31.24
AWFIS,270.00,271.40,266.90,266.55,269.30,-,2.75,1.03,197260,5.31,639.40,229.05,-6.59,-52.0
IXIGO,173.90,173.90,170.76,174.03,171.71,-,-2.32,-1.33,301269,5.19,339.15,151.27,-14.11,-36.07
CSBBANK,320.55,320.95,318.05,319.80,319.00,-,-0.8,-0.25,159757,5.11,574.40,315.00,-13.49,-15.27
DATAMATICS,870.00,873.20,850.10,866.25,851.25,-,-15.0,-1.73,57515,4.93,"1,054.00",632.00,0.62,-11.01
ANUP,"1,801.00","1,877.90","1,801.00","1,852.80","1,842.00",-,-10.8,-0.58,26309,4.85,"2,576.00","1,422.30",-14.97,-17.02
SPLPETRO,733.60,733.60,711.25,726.55,717.35,-,-9.2,-1.27,67196,4.84,979.00,462.30,3.38,-1.95
INDIASHLTR,665.00,681.95,654.60,670.70,667.20,-,-3.5,-0.52,71069,4.73,968.75,640.00,-18.17,-27.34
HEMIPROP,134.00,136.49,134.00,132.34,134.00,-,1.66,1.25,342462,4.63,190.69,111.20,-2.32,-2.57
GRINDWELL,"2,167.50","2,190.40","2,148.10","2,167.50","2,155.10",-,-12.4,-0.57,21123,4.58,"2,455.00","1,329.00",3.28,46.82
GHCL,426.00,438.40,426.00,429.00,432.00,-,3.0,0.7,105539,4.57,667.20,416.60,-0.4,-22.35
RATNAMANI,"2,352.00","2,370.50","2,302.60","2,352.00","2,366.00",-,14.0,0.6,19515,4.56,"3,345.00","1,936.50",-8.39,0.98
HOMEFIRST,"1,173.10","1,185.00","1,168.20","1,176.50","1,183.00",-,6.5,0.55,38122,4.49,"1,375.00",893.70,-4.74,-5.5
INDIACEM,374.00,380.00,372.80,375.30,374.50,-,-0.8,-0.21,118790,4.47,485.80,342.35,-8.73,1.52
NIVABUPA,82.50,83.75,82.10,82.72,83.00,-,0.28,0.34,527501,4.38,91.40,67.50,-3.56,1.31
TIMKEN,"3,300.00","3,317.00","3,246.70","3,275.80","3,302.30",-,26.5,0.81,13162,4.31,"3,925.00","2,800.50",5.1,16.45
GOKULAGRO,231.00,235.10,229.39,231.65,231.00,-,-0.65,-0.28,184455,4.28,249.92,149.03,9.1,53.54
VMART,807.50,809.50,787.10,807.50,789.30,-,-18.2,-2.25,52761,4.19,888.00,457.90,5.78,6.49
TVSHLTD,"13,994.00","14,135.00","13,876.00","13,994.00","14,001.00",-,7.0,0.05,2980,4.17,"16,297.00","11,444.00",0.42,20.72
HGINFRA,523.75,524.90,512.30,523.75,515.00,-,-8.75,-1.67,80109,4.13,"1,049.95",429.50,-6.34,-46.52
MMTC,64.58,64.63,63.50,64.35,63.70,-,-0.65,-1.01,633055,4.04,78.35,50.10,0.28,2.53
NUVOCO,330.10,331.90,327.00,331.55,330.80,-,-0.75,-0.23,120491,3.97,477.50,276.25,-5.15,-26.85
IFBIND,"1,378.00","1,396.30","1,360.60","1,383.60","1,389.40",-,5.8,0.42,28704,3.96,"2,019.80",883.20,4.77,8.31
PRSMJOHNSN,105.15,106.34,105.00,105.12,105.48,-,0.36,0.34,370475,3.91,176.00,97.10,-3.98,-26.28
MASTEK,"1,830.70","1,832.50","1,801.10","1,832.20","1,804.70",-,-27.5,-1.5,21273,3.86,"2,625.00","1,334.20",1.81,-27.94
IIFLCAPS,335.20,336.00,333.10,335.20,334.50,-,-0.7,-0.21,114277,3.82,411.30,240.40,-0.73,6.46
KSB,795.30,808.25,786.30,801.25,797.05,-,-4.2,-0.52,47398,3.76,"1,028.30",666.65,-11.79,-0.44
OPTIEMUS,560.00,570.00,551.00,561.10,555.00,-,-6.1,-1.09,66989,3.72,713.00,288.00,-5.76,-4.09
JLHL,320.50,320.50,309.35,315.75,313.90,-,-1.85,-0.59,118025,3.71,340.00,235.60,1.06,10.15
ETHOSLTD,"2,750.00","2,830.00","2,666.00","2,747.40","2,789.00",-,41.6,1.51,12714,3.51,"3,245.90","1,919.40",4.73,0.67
UTIAMC,907.20,910.00,901.25,908.05,909.25,-,1.2,0.13,38587,3.50,"1,418.00",876.00,-3.28,-31.68
TTML,38.59,38.99,38.05,38.59,38.16,-,-0.43,-1.11,865904,3.31,60.89,31.22,-5.26,-34.39
CERA,"5,872.00","5,872.00","5,760.00","5,872.00","5,780.00",-,-92.0,-1.57,5690,3.30,"6,740.00","4,461.10",-4.42,-9.66
SAFARI,"1,491.40","1,503.70","1,479.60","1,498.50","1,499.50",-,1.0,0.07,21975,3.28,"2,507.10","1,363.10",-8.59,-27.02
HATSUN,995.00,995.00,959.20,980.80,971.00,-,-9.8,-1.0,32908,3.19,"1,179.00",855.30,4.67,10.35
SUNTECK,299.00,300.80,294.00,299.05,298.00,-,-1.05,-0.35,101450,3.02,473.00,270.75,-5.11,-20.76
CANHLIFE,147.57,149.99,146.02,148.71,148.87,-,0.16,0.11,197635,2.94,166.69,106.00,-0.58,0.0
ITI,276.25,278.70,274.05,276.75,278.45,-,1.7,0.61,103006,2.84,372.85,237.00,-2.13,-4.41
ALOKINDS,11.62,11.66,11.50,11.62,11.54,-,-0.08,-0.69,2443847,2.82,19.34,11.11,-6.33,-35.35
TSFINV,415.50,423.90,409.60,415.45,420.60,-,5.15,1.24,66947,2.78,701.50,331.70,-10.59,-12.34
REDTAPE,123.25,123.50,120.85,122.19,121.80,-,-0.39,-0.32,227398,2.76,163.50,107.53,-9.13,1.03
NESCO,"1,038.00","1,050.00","1,028.20","1,038.00","1,049.90",-,11.9,1.15,26304,2.73,"1,638.90",996.00,-4.03,-22.57
NFL,71.50,71.95,71.20,71.81,71.50,-,-0.31,-0.43,371304,2.65,102.97,63.35,-1.46,-22.09
CENTURYPLY,761.95,761.95,748.00,756.55,755.90,-,-0.65,-0.09,35006,2.63,859.00,618.50,-5.04,3.77
BIKAJI,614.00,616.20,611.30,613.30,614.70,-,1.4,0.23,42552,2.61,818.70,592.55,-3.71,-14.89
BLUEDART,"5,141.00","5,148.50","5,085.00","5,141.00","5,111.50",-,-29.5,-0.57,4543,2.32,"7,036.00","4,628.50",3.76,-12.71
GALLANTT,586.45,588.45,578.40,582.05,585.20,-,3.15,0.54,39527,2.30,948.00,496.25,-10.2,-10.63
RTNINDIA,29.99,30.60,29.95,30.05,30.58,-,0.53,1.76,759416,2.30,64.00,24.40,-3.84,-39.98
METROBRAND,947.90,951.90,940.00,944.10,943.00,-,-1.1,-0.12,24131,2.28,"1,340.40",883.00,-11.98,-14.31
SUBROS,758.25,765.00,752.05,758.25,765.00,-,6.75,0.89,29322,2.22,"1,213.70",622.10,-4.86,-4.15
RSYSTEMS,241.50,242.25,238.10,241.80,241.05,-,-0.75,-0.31,91457,2.20,496.90,213.52,-5.5,-44.39
ORIENTCEM,132.00,132.37,130.35,132.55,132.05,-,-0.5,-0.38,166609,2.19,244.37,122.32,-3.93,-43.52
KANSAINER,205.60,207.64,204.15,204.75,205.51,-,0.76,0.37,95977,1.97,264.00,157.91,2.1,-12.72
MAHSCOOTER,"13,399.00","13,527.00","13,230.00","13,330.00","13,380.00",-,50.0,0.38,1471,1.97,"18,538.00","10,901.00",2.9,-15.25
JSWHL,"11,956.00","12,075.00","11,749.00","11,874.00","11,818.00",-,-56.0,-0.47,1281,1.52,"22,790.00","10,530.00",7.62,-32.93
BIRLACORPN,903.05,904.90,894.05,904.90,899.35,-,-5.55,-0.61,14062,1.26,"1,346.10",769.60,-11.41,-29.27
